MULLIGAN,MADISON,LAFAYETTE,JEFFERSON
LAURENS,PHILIP
ELIZA,ANGELICA,PEGGY,MARIA
LAURENS,LAFAYETTE,MULLIGAN
LAFAYETTE,LAURENS
LAURENS,LAFAYETTE,MULLIGAN
LAFAYETTE,MULLIGAN
MULLIGAN,LAFAYETTE,LAURENS
HAMILTON,LAFAYETTE,MULLIGAN,LAURENS
LAFAYETTE,MULLIGAN,LAURENS
HAMILTON,MULLIGAN,LAURENS,LAFAYETTE
HAMILTON,LAURENS,LAFAYETTE,MULLIGAN
HAMILTON,LAURENS,LAFAYETTE,MULLIGAN
HAMILTON,LAURENS,LAFAYETTE,MULLIGAN
HAMILTON,LAURENS,LAFAYETTE,MULLIGAN,ENSEMBLE
HAMILTON,LAFAYETTE,MULLIGAN
LAURENS,ENSEMBLE
HAMILTON,COMPANY
HAMILTON,LAURENS,LAFAYETTE,MULLIGAN
HAMILTON,LAFAYETTE,LAURENS,MULLIGAN
HAMILTON,LAFAYETTE,MULLIGAN,LAURENS
LAFAYETTE,MULLIGAN,LAURENS
LAFAYETTE,MULLIGAN,LAURENS
LAFAYETTE,MULLIGAN,LAURENS
LAURENS,MULLIGAN
MULLIGAN,LAFAYETTE,LAURENS
LAURENS,MULLIGAN,LAFAYETTE
MULLIGAN,LAFAYETTE
HAMILTON,LAURENS,MULLIGAN,LAFAYETTE
HAMILTON,LAURENS
MULLIGAN,LAFAYETTE
HAMILTON,LAURENS,ENSEMBLE
MULLIGAN,LAFAYETTE,ENSEMBLE
ELIZA,PEGGY
ANGELICA,ELIZA,PEGGY,COMPANY
ANGELICA,MALE ENSEMBLE
ELIZA,ANGELICA,PEGGY
ELIZA,ANGELICA,PEGGY
ELIZA,PEGGY
ELIZA,ANGELICA,PEGGY
ANGELICA,ELIZA,PEGGY,COMPANY
ANGELICA,ELIZA,PEGGY
ELIZA,PEGGY
ELIZA,PEGGY
ANGELICA,ELIZA,PEGGY
ELIZA,PEGGY
SEABURY,HAMILTON
HAMILTON,BURR,MULLIGAN,LAURENS,LAFAYETTE
HAMILTON,BURR,MULLIGAN,LAURENS,LAFAYETTE
HAMILTON,BURR,MULLIGAN,LAURENS,LAFAYETTE
HAMILTON,BURR,MULLIGAN,LAURENS,LAFAYETTE
HAMILTON,BURR
WASHINGTON,COMPANY
WASHINGTON,COMPANY
ANGELICA,ELIZA,PEGGY
ANGELICA,ELIZA,PEGGY,WOMEN
ELIZA,ANGELICA,PEGGY
ELIZA,ANGELICA,PEGGY,WOMEN
LAURENS,LAFAYETTE,MULLIGAN
LAURENS,LAFAYETTE,MULLIGAN
LAURENS,LAFAYETTE,MULLIGAN
HAMILTON,BURR,LAURENS,WOMEN
ELIZA,WOMEN
ELIZA,WOMEN
ELIZA,WOMEN
HAMILTON,MEN
ELIZA,WOMEN
ANGELICA,COMPANY
ANGELICA,COMPANY
HAMILTON,MEN
ELIZA,WOMEN
MULLIGAN,LAFAYETTE
MULLIGAN,LAFAYETTE
MULLIGAN,LAFAYETTE
LAURENS,MULLIGAN
LAFAYETTE,HAMILTON
LAURENS,LAFAYETTE,HAMILTON
MULLIGAN,LAFAYETTE
BURR,ENSEMBLE
ELIZA,ANGELICA,WOMEN
HAMILTON,LAURENS,LAFAYETTE
ELIZA,ANGELICA
HAMILTON,LAURENS,LAFAYETTE
BURR,HAMILTON,LAURENS,LEE
LAURENS,LEE,HAMILTON,BURR
HAMILTON,BURR
HAMILTON,BURR
LAFAYETTE,ENSEMBLE
WASHINGTON,COMPANY
WASHINGTON,COMPANY
WASHINGTON,COMPANY
WASHINGTON,COMPANY
HAMILTON,WASHINGTON
LAURENS,MULLIGAN
WASHINGTON,COMPANY
WASHINGTON,HAMILTON,MEN
HAMILTON,LAFAYETTE
HAMILTON,LAURENS
HAMILTON,LAFAYETTE
HAMILTON,COMPANY
MULLIGAN,LAFAYETTE,LAURENS
MULLIGAN,LAFAYETTE,LAURENS,HAMILTON,WASHINGTON
BURR,HAMILTON
BURR,ENSEMBLE
BURR,ENSEMBLE
BURR,MEN
BURR,COMPANY
BURR,MEN
WASHINGTON,MULLIGAN,LAURENS,LAFAYETTE
WASHINGTON,ENSEMBLE
JEFFERSON,MADISON
JEFFERSON,MADISON
JEFFERSON,MADISON
ELIZA,PHILIP
HAMILTON,ANGELICA
HAMILTON,ANGELICA
HAMILTON,ANGELICA
HAMILTON,ANGELICA
ELIZA,ANGELICA
ELIZA,ANGELICA
ELIZA,ANGELICA
HAMILTON,ENSEMBLE
HAMILTON,ENSEMBLE
BURR,ENSEMBLE
BURR,ENSEMBLE
BURR,COMPANY
BURR,COMPANY
BURR,COMPANY
BURR,COMPANY
BURR,COMPANY
BURR,COMPANY
BURR,COMPANY
BURR,COMPANY
BURR,COMPANY
HAMILTON,COMPANY
HAMILTON,JEFFERSON,MADISON,WASHINGTON
BURR,COMPANY
PHILIP,ELIZA
PHILIP,ELIZA
JEFFERSON,BURR
JEFFERSON,MADISON,BURR
MADISON,JEFFERSON
MADISON,BURR,JEFFERSON
JEFFERSON,MADISON
JEFFERSON,MADISON,BURR
JEFFERSON,MADISON,BURR,ENSEMBLE
JEFFERSON,MADISON,BURR
JEFFERSON,MADISON,BURR
JEFFERSON,MADISON,BURR
JEFFERSON,MADISON,BURR
JEFFERSON,MADISON,BURR
JEFFERSON,MADISON,BURR
BURR,COMPANY
JEFFERSON,MADISON
BURR,JEFFERSON,MADISON
JEFFERSON,MADISON,BURR
JEFFERSON,MADISON,BURR
JEFFERSON,MADISON,BURR
JEFFERSON,MADISON
BURR,ENSEMBLE
WASHINGTON,ELIZA,ANGELICA,MARIA
JEFFERSON,MADISON,ANGELICA
BURR,JEFFERSON,MADISON
HAMILTON,JEFFERSON
MADISON,BURR,JEFFERSON
HAMILTON,JEFFERSON,MADISON
HAMILTON,JEFFERSON
MADISON,BURR
MADISON,BURR
MADISON,BURR
MADISON,BURR
MADISON,BURR
JEFFERSON,MADISON,BURR
JEFFERSON,MADISON,BURR
JEFFERSON,MADISON
JEFFERSON,MADISON,BURR
HAMILTON,PHILIP
ANGELICA,ENSEMBLE
ANGELICA,WOMEN
ANGELICA,WOMEN
JEFFERSON,MADISON
JEFFERSON,MADISON
JEFFERSON,MADISON
MADISON,ENSEMBLE
JEFFERSON,MADISON,ENSEMBLE
JEFFERSON,MADISON,ENSEMBLE
JEFFERSON,MADISON,ENSEMBLE
MADISON,JEFFERSON
BURR,COMPANY
BURR,COMPANY
BURR,HAMILTON
BURR,COMPANY
BURR,PHILIP
BURR,HAMILTON,MEN
BURR,COMPANY
BURR,ANGELICA
WASHINGTON,COMPANY
WASHINGTON,COMPANY
WASHINGTON,COMPANY
BURR,MEN
ANGELICA,WOMEN
MULLIGAN,LAFAYETTE,LAURENS
ELIZA,COMPANY
ELIZA,ANGELICA
ELIZA,ANGELICA
ELIZA,ANGELICA
ELIZA,COMPANY
ELIZA,COMPANY
ELIZA,COMPANY
ELIZA,COMPANY
ELIZA,COMPANY
ELIZA,COMPANY